,0,fname
0,-1.218697197191792,00002020b4b8b026.jpeg
1,0.2517221100941052,07303c34d6d1ed55.jpeg
2,2.9407358284147436,00aee6e76dc2cbe9.jpeg
3,-1.471804496044873,ceb7f776f6ad7444.jpeg
4,2.052819523251611,e3675e9a9b934cb0.jpeg
5,-0.9100247515378816,494c4c4c86925b0c.jpeg
6,-1.0668128913474944,c6d6e69716d69e8c.jpeg
7,-2.4304498893794872,4129a96c9a3376b1.jpeg
8,-1.631292083076389,9898b2b3e4c49484.jpeg
9,-1.296917973484661,00c0cb9bd3f49494.jpeg
10,-0.30265435947153135,04763f1793071933.jpeg
11,-0.558058289257593,496160383b060a93.jpeg
12,-0.14498841782778735,cdc92322855f7974.jpeg
13,2.0871592867574646,6b3f24c47474351d.jpeg
14,0.39346933532578116,090c4c898b8f83c0.jpeg
15,-0.40262422228269623,1a9e98d984c46563.jpeg
16,0.5322314153374472,c7722c9e984ce86c.jpeg
17,0.7816910190729591,f2d2b1b1cdcc2931.jpeg
18,4.5446853477282225,e3d393939b1b3989.jpeg
19,-0.9466641616717918,00c0e63edacd4c51.jpeg
20,-2.1162154136301377,e8e8e6c6e4a6273e.jpeg
21,5.142103640312611,aa2042383d078aa9.jpeg
22,1.3979539458361037,db1ddb579747cf99.jpeg
23,3.56046537074079,f2f6298ec6d62627.jpeg
24,0.2335950450245448,20d69692acce30b5.jpeg
25,0.4090350894069336,13a0abbb9eb9f6cc.jpeg
26,-1.6014150313762585,949498cc4ed098b2.png
27,-1.899792126903483,d8ecb8d8b292c3a1.jpeg
28,5.52687270801975,8d0f0c6c64696961.png
29,-0.2893588484369962,7c4507addae0d0c0.jpeg
30,-0.26810260287573034,6dd2da4cca8f0727.jpeg
31,-0.2542274756331385,98988dff9383a30b.jpeg
32,3.467366414033585,3b3b333b9b40c088.jpeg
33,4.1083029702109295,74706b4b040b43a9.jpeg
34,-1.062878543688539,2d6371732390d1d6.jpeg
35,-1.3347578975898595,98bb382dcf514545.jpeg
36,-0.3104941756321018,68b1bdac2c56929c.jpeg
37,1.4567873940042917,c9c5d0c88c9c99b5.jpeg
38,2.6712884289264753,1c9c9a0d59782e4a.jpeg
39,-3.054335248231135,1a3b5c5cd83803f6.jpeg
40,-0.8640255163418323,69e1e0f6d61b3430.jpeg
41,-1.9206648597546994,c0e060ecb870677e.jpeg
42,-3.232187364349498,00800884f11a1909.jpeg
43,-2.46597058105557,8181693921989b9b.jpeg
44,-1.2438717661634147,2e1613137a6e6587.jpeg
45,-0.2832479021227271,22672727040081c4.jpeg
46,0.3224680083516711,6120874b05216e9c.jpeg
47,6.990233445786164,94545696f1e81c98.jpeg
48,-1.2585099215589963,5f66b66c6667e13d.jpeg
49,0.23150463641280075,acf0a084f3c8c8c2.jpeg
50,-2.335347441697599,b2e6e733d8d8d8d9.jpeg
51,4.936581103200804,0336724f27efcec7.jpeg
52,2.797040978216107,fc7c68cc6d130e0c.jpeg
53,0.5551182633203289,8ccc56114be6f614.jpeg
54,-0.9414168905512529,6438203030b4b070.jpeg
55,0.21956328235758674,90d0e1f1891310f1.jpeg
56,-2.7795077840923037,21260448c9d690c6.jpeg
57,-3.239813443831501,c4f0b3b83890dc3c.jpeg
58,-2.2068974676135062,66244d5b54541f2a.jpeg
59,-1.21214815341399,67676ed79898886c.jpeg
60,5.937060223855719,7cbe8ea484c8ccc7.jpeg
61,-1.1874129253707053,da1a393b3be7e0ec.jpeg
62,-1.9134802605512904,9c969cd7b3f68d80.jpeg
63,-1.3293216998269202,8e0b0bfad96f9e31.jpeg
64,-1.690892360691415,0c0ea5695be6eeec.jpeg
65,-2.31468069861587,0420b130c7b4664f.jpeg
66,-2.1114616244989928,8fbb696562d999b1.jpeg
67,0.5289274301722398,0e466f26d61a1865.jpeg
68,-1.4255029960775742,88892f2733e7e3c7.jpeg
69,-1.237137483525678,5b59266e6a621337.jpeg
70,7.973155724406907,3e1331319939143c.png
71,5.010702712507068,01000973e7e60044.jpeg
72,-2.7380456033239975,a9c9e1c8f2a0cc4c.jpeg
73,-0.2737181330915061,23a3a4602a939b81.jpeg
74,-1.9672824654384904,dece4a6260c14250.jpeg
75,-1.5510019988610688,c88c8ce8c06c6812.jpeg
76,4.403155340356891,d44848626458f874.jpeg
77,2.7444739237115394,f2f2c8c8a8a8ecc4.jpeg
78,-2.85825174737512,f7f9d97c98b5d892.jpeg
79,4.147123877897032,e7c6ecbc3898c1b8.jpeg
80,2.1374097381087847,da3212f6f0c86a6a.jpeg
81,0.6045330348775404,34727a6c666a8dd4.jpeg
82,3.718373115938387,a7a3ffcb7eb6c6e8.jpeg
83,-2.2110571924140032,3fdf1f97cd73349e.jpeg
84,3.447268700756306,6e664b6c0e0f0b1b.jpeg
85,5.923029869644657,1d3b3975672563a3.jpeg
86,-1.6530786466232659,b3b286c6b4b05c6d.jpeg
87,-2.2103920259029373,fa6c75ed6cd1d253.jpeg
88,2.637078808101639,5e7b230aca4e9fbc.jpeg
89,1.6403433129242007,b7b48dbc386300d8.jpeg
90,-1.0471967026017215,c9a8e4b65ad97878.jpeg
91,0.35717186199602946,1f3f2d45e8d96d49.jpeg
92,0.23539207479964638,4bf1fd9d1eccf533.jpeg
93,5.240693907016998,6c2aee637f797beb.jpeg
94,2.3998252565323623,e8f0c20f31edbeb8.jpeg
95,0.5292869558752653,e5c4c2f21682c074.jpeg
96,-3.526390578998399,7432282c2c6dba92.jpeg
97,3.5675288427966216,3c1c3a309c940098.jpeg
98,-2.6318864674355584,5797cfcfd633bcb6.jpeg
99,-2.809087874598099,d9cd9c1e38302500.jpeg
100,-2.5642449681747426,39b99cea6070785c.jpeg
101,4.509728370998502,2dc9ccf4545595bd.jpeg
102,-1.197674483205994,dadb646419b9998a.jpeg
103,-0.2920613492242678,fce7e5b55a9535d6.jpeg
104,-2.580152822665804,c353a477b6900a06.jpeg
105,-0.3191272112845172,264e4624894be0f4.jpeg
106,-0.3991508174621935,b6db972f5647060f.jpeg
107,5.83765031033183,4cdc982a3a323919.jpeg
108,-2.1244996619322554,2dad94e4c4d95548.png
109,-2.437098078629432,06646168d6dacc81.jpeg
110,-2.3489078860916717,a422c60675a5c491.jpeg
111,4.631022886832148,590332562fefc667.jpeg
112,4.233578146048557,60605a783c25068b.jpeg
113,-2.1075557055169583,c1c0d0c444a4b431.jpeg
114,-2.4059306131596743,c9ddf4c480010343.jpeg
115,0.46015577637367,26961a0b031261a7.jpeg
116,0.19159740992257854,0d2d6b6337971c2b.jpeg
117,0.30240878798822385,64a327232a4bdd5e.jpeg
118,-1.550315769111389,b2d1d1c9acd8d8c4.jpeg
119,3.4086209024632352,3839b998b8b8d035.jpeg
120,6.940397687459333,a5a636a6a637f567.jpeg
121,-1.9333311187925644,70d2c63612747e09.jpeg
122,-1.4986391187779162,6c8b2336905c4271.jpeg
123,-1.6762128357689483,85e5e4cc4ccc9bcf.jpeg
124,-2.4781934304578206,9e9d567672f47551.jpeg
125,15.008100197523051,8fcbaf8b68e58482.jpeg
126,-1.2832392999998825,34b9f9f1f99999a9.jpeg
127,-1.1370608645826517,decdcd42169f9aaf.jpeg
128,3.520933072651209,1af0c9aa12963768.jpeg
129,-2.485044429705078,30b1b696e74d3206.jpeg
130,-2.5593431940318414,d9999dd477470f17.jpeg
131,1.377662092300278,d3c4ccfaf2e4f6f4.jpeg
132,-2.73896580217637,9b593939f9f9f155.jpeg
133,-1.4280147968129318,109890c2e83a9a89.jpeg
134,-1.7141409036198145,bebf3ab3f937ecfc.jpeg
135,-2.843783850223585,222566421391a1a5.jpeg
136,-0.06310372718501747,5b6909078c656969.jpeg
137,6.291176301152089,3a96b6b2d3bc2ef0.jpeg
138,-2.196019553130515,b2dad8f239b9abf3.jpeg
139,-3.1690329758032236,c3648683c3f5f5fa.jpeg
140,4.614735920850399,8484840d79696130.jpeg
141,2.813785786456925,3383a3a7c0511932.jpeg
142,-0.04409322781703171,0000c8f201050043.jpeg
143,-1.2025737261471956,be3c3c3db9654547.jpeg
144,3.4298954356029006,e4e4e6d2f3f2d6cc.jpeg
145,-2.6791258540511924,f1d3c1d1c5ebcb93.jpeg
146,0.20221637963895936,504826666b64f4f1.jpeg
147,-2.4792799078079524,31395bf898aba686.jpeg
148,-1.1238013998082208,fb9d7b8228694e4a.jpeg
149,6.0566089486191625,2333b33970021303.jpeg
150,-3.4070316445123474,280b9b682cddec9c.jpeg
151,1.244411491907678,584849692b2d2d2f.jpeg
152,-1.8736588969280623,3db1a0941a26234b.jpeg
153,-2.6263845742961673,a1408f9b16323535.jpeg
154,-2.238653527886951,6253092c6f123554.jpeg
155,4.937316979245376,a72f4b591b4b5a52.jpeg
156,0.8047830834055815,f0e0c8d1a684100c.jpeg
157,4.03811884023729,a7e7e6f5c0c3d1b4.jpeg
158,1.8480366262283217,b2b24f7bd8ce868c.jpeg
159,-1.4987201822418896,8492a0a0a32379e6.jpeg
160,0.8547811188117285,426e6224471d986c.jpeg
161,-0.353048439789361,6eb8f66266a2effc.jpeg
162,1.1479580324666852,1f0cb49b5f3d3f3d.png
163,-3.138074938262601,7777b4d670a0d21a.jpeg
164,1.0446746175955328,fbf2b6e139c7cf3f.jpeg
165,-2.3974714779138813,9c9eb6b67bdb3327.jpeg
166,-2.653311541306486,dfef8d998d8c894c.jpeg
167,0.7098799208543211,a6213b2b23716969.jpeg
168,-1.1604205552276723,08b7661e352ad515.jpeg
169,-1.6996056025247754,0e0e0e0c91382e18.jpeg
170,5.383759487892615,79e5e05afb535b73.jpeg
171,-0.08984827775994417,c99938305552565e.jpeg
172,-1.98368553470665,808080a03934250b.jpeg
173,5.898630929014243,ca799dd9c2e94dec.jpeg
174,-2.8723788110905737,7736371b2d6554c3.jpeg
175,-0.004888645973478686,b4f1d9cd534c2958.jpeg
176,-1.6067880958824794,2d29aaf4f8f2d058.jpeg
177,4.809824095399201,47ddbc7cda1b8549.png
178,3.226324911086055,5a981c985958a058.jpeg
179,5.674531449389881,0f079797982c61a9.jpeg
180,-0.8549678889580442,24c9012c347d9587.jpeg
181,-1.5114132935996214,edcbb3336b49b326.jpeg
182,5.488448141631991,65b5cb8a0a4a465a.jpeg
183,-0.3021254953429205,bcb0c6901a137532.jpeg
184,-2.0384697833179466,e3c959b199e8627a.jpeg
185,-0.9296690083659123,f1d9b5a4eb692b6b.jpeg
186,-3.4203710595925636,262465584c4c9e1e.jpeg
187,2.0904773541094324,ba5c6e635c183428.jpeg
188,-1.667698570591207,99995351b0b0aaab.jpeg
189,2.7636099923213417,c2d8b0a08ccec680.jpeg
190,-1.4097090429959862,133321a1613169cd.jpeg
191,-1.7479086849894596,c2f2defeba77d9d9.jpeg
192,-1.4618276384391578,00b0e4c0d4c8e8b4.jpeg
193,-2.8842861564442446,4ac6cec4c94b4bcc.jpeg
194,-2.1460966252710367,82a48659759e8b6d.jpeg
195,-3.3520446603990117,8c4fd93931381e17.jpeg
196,-0.830923687381284,996d9631715c8cb8.jpeg
197,0.7087350476046914,78df3c6049d8b8fe.jpeg
198,-0.5138835337240185,9999d149f95b31b9.jpeg
199,0.44893701244190043,400a49c934341411.jpeg
200,-3.081738112784795,18003d5ee6f80069.jpeg
201,-1.563967478188655,1db5eddeb5f90b4c.jpeg
202,-2.4497500325446446,c0e16116264d8c20.jpeg
203,-2.8165890232939015,4d60525c3c3e3e66.jpeg
204,-2.486571416321646,7373b3b7b3b3f3b3.jpeg
205,-2.0084398913965016,06463178f2f1e4a4.jpeg
206,-1.0070806982875151,9d8fde44c69e58f6.jpeg
207,-1.108846638138572,662e0c63a377fe7e.jpeg
208,2.766221571225719,951e6e53d12643d3.png
209,-0.06919355610542134,a3c7776f26674fdb.jpeg
210,-1.3550395664862258,78e2e1f08ccbcfd7.jpeg
211,-1.773939398594076,e7e6cea3a3e38707.jpeg
212,-2.4504783599201607,404606242e3a2612.jpeg
213,0.8801814817861013,7327274717bc7258.jpeg
214,-1.9457983009446718,c480e060e2666c6c.jpeg
215,-1.8556480774328752,bd2151b361d4cc15.jpeg
216,-3.5841039712131146,f1e0e0f9fb6c6d5c.jpeg
217,-2.2249851880661704,f6f2f96c74381bb1.jpeg
218,-0.044411088246761425,966367c68ded8f13.jpeg
219,-3.063775853746676,8eacb434cd726264.jpeg
220,-2.2468162573602135,c809098585c96dec.jpeg
221,-2.1419837998142923,a5c8ee32534c7881.jpeg
222,-2.4971385439295988,f099d64e4bdb4b5b.jpeg
223,-0.22125098341761298,ca4766520a3f3ef2.jpeg
224,0.30340513648973605,d4394985b66ba1a1.jpeg
225,1.783836529793224,eacbc9e138787870.jpeg
226,0.7789379257319082,30b0a3797d3b3b7a.jpeg
227,2.9189542666597137,cdc97979373773f3.jpeg
228,-1.2647976569405086,27c7c1c5ce4a3a24.jpeg
229,2.6414718031481907,3f838323b99f3f9c.png
230,-1.215615676323173,1792bc2726757999.png
231,-1.1459549900290782,900dadcc8f25092c.jpeg
232,1.3175634547681712,d6a696b6f7bb73b7.jpeg
233,1.859121027744571,6c9891318da6a92c.jpeg
234,-1.9731542438305616,80e478393c9272dc.jpeg
235,4.6461642110215635,e9e9e9e16b6bd8cd.jpeg
236,-2.7589351497097616,e46171f1b0f45514.jpeg
237,-1.1954433957773538,c9496989990b2808.jpeg
238,0.47149691499373725,6f3d2ccdcc646a6e.jpeg
239,-0.3109674935861116,97466b696970f058.jpeg
240,-1.577991479495017,6ef4b32b69e8d853.jpeg
241,-2.2648960041725976,4c4dc3a3ae7a72a1.jpeg
242,-1.2113323559798124,aab2b2622692a8f0.jpeg
243,1.7155513048204836,104e4e88c8c2eb30.jpeg
244,-0.37135118573377157,679ea1ec6c791d05.jpeg
245,3.528140104456899,4ca2f2f1f97918c4.jpeg
246,-3.103759987102747,23233383696874b1.jpeg
247,-2.582250010435099,2a2ac3ce90a4c726.jpeg
248,-2.055364018825001,e4c5c9c9c8a9455c.jpeg
249,-2.442304291620156,0a6d6eebe9cce2e3.jpeg
250,1.5503119558492975,b535991a9d1acf8c.jpeg
251,2.3511018003397517,6423337373c10f0e.jpeg
252,-1.9787686165389449,62763676a5d9e4c0.jpeg
253,-0.51791783146542,8901e3995a6c95e3.jpeg
254,-2.599167537262407,d6888ec73918c965.jpeg
255,-2.4449718473432465,c6ece9aa852329cd.jpeg
256,0.4869756534165328,d0e8e8f8b86a484c.jpeg
257,-2.115874494286215,4666e2ca657674bc.jpeg
258,0.8742396411136855,7cdcd85c8d233331.jpeg
259,-1.090105396367723,fdf0f2d1579290a0.jpeg
260,0.6461856805332766,af5632e6472f8d8f.jpeg
261,-2.3641555079940493,dbdbfbdbdedecedc.jpeg
262,3.50014979797727,5a5ae5d6c88ca048.jpeg
263,-2.025228555312647,854c921b0b565c33.jpeg
264,-0.8020841963215325,d8494832ccc4d0f8.jpeg
265,-0.4959176527480911,90c0013158c96c38.jpeg
266,3.272195820223627,dc5a5e8f7c63c2d6.jpeg
267,-1.7192053639594276,5a3465c949651fcf.jpeg
268,-1.6431318554528613,49c0c8482d3ca6e6.jpeg
269,0.8012366577562063,831b9bfb3171fcd9.jpeg
270,-2.2284528554191056,f0385c4ccc6cdce4.jpeg
271,-2.4519294539323937,61c7cb43c6ac1aba.jpeg
272,2.1971173437344094,584f73527666e8c8.jpeg
273,-2.969723125059004,da9890d9cda736b7.jpeg
274,1.4680313866993886,0ea9c84146b696dc.jpeg
275,5.817432977469439,2226263a5a4c3901.jpeg
276,-2.1453672631850873,16022086819c8283.jpeg
277,-2.5545336252876942,66f4bdce49a04212.jpeg
278,-1.9481159025827406,01561511da5a386f.jpeg
279,-1.1604816035793895,0c446636268dcd4f.jpeg
280,2.387073829824178,bc9dd67e788044f2.jpeg
281,-1.982373496106856,a8f2e0e078f8ce6b.jpeg
282,1.0605239143205734,dedfdf3fceae6c6e.jpeg
283,3.904160467753152,c74683e339b9b830.jpeg
284,-1.8837039480660023,95a9173395bc39d9.jpeg
285,-0.9159095993738722,fbfb7a7e9a5a1c21.jpeg
286,-1.711965409111926,cc8c4c14385cc949.png
287,-1.5790095966531417,08006567257211b1.jpeg
288,-2.0913739950490076,3d3f276c75b5bebe.png
289,-1.9238292599405749,2c6868d161c4c356.jpeg
290,-2.1827704866795807,f2fafcb8da2920e4.jpeg
291,-2.4432426562171976,a4c4c28ce1e26060.jpeg
292,-0.9748205727376648,293d0d278c56d2f0.jpeg
293,2.9587879537666018,e3e0f8d4cdce4640.jpeg
294,-2.4467344497045445,00c6495a5b5b4a2f.jpeg
295,4.772358528799315,1b9f9fefd93e60c0.jpeg
296,-1.7813942783818852,4757d6c4e4d09b93.jpeg
297,2.659857627954454,52534ada9a061000.jpeg
298,-3.347151165973335,cda7b6383831303a.jpeg
299,-2.4698522595473396,d09599199a933b5c.jpeg
300,-2.918958028257126,f1b3f87cc0989d93.jpeg
301,-3.1683397156529454,3d3cae62248c90f3.jpeg
302,-1.980342545926849,c2f2b3e62031b5d3.jpeg
303,-2.66225106480916,da97a5cd6c4cdedc.jpeg
304,-0.8381877869282227,07e7e5c85cd73e33.jpeg
305,-1.731039534958488,6878d899b5a9abf9.jpeg
306,-3.5661748947773595,f3e7e7e5e7c5e1ee.jpeg
307,-3.1918233419998083,36359ae2251d8e1d.jpeg
308,0.9561390547677491,afadca4a96bc7a7e.jpeg
309,-0.7641209793662408,d8e070f2d2302c0c.jpeg
310,0.6633488609508652,649c05452018a5f4.jpeg
311,1.8879479119046385,171b333333331f37.jpeg
312,-0.11090729226463979,e3f3f3d9e4d4ecdc.jpeg
313,-1.383806653680168,c959d1d19d9920e0.jpeg
314,0.49210104947013716,40635356dcd1b2e6.jpeg
315,-3.222504040253178,036cd8d82e6e6eec.jpeg
316,-3.80220942259215,00cec6f3a1ebe8c6.jpeg
317,15.88025084706597,c7e7e76602cbf924.jpeg
318,-2.0967975093736104,e02094c45cf1e1f1.jpeg
319,0.1861367986262585,977e5e64696b6969.jpeg
320,0.008413121576242544,d8fc3d9d9cb7f7f6.jpeg
321,-0.4266203910659914,60186868567e2c18.jpeg
322,-3.1785684974898936,86f6465a46f46d6d.jpeg
323,0.43707375716903024,3c4e4ecdc9929294.jpeg
324,4.421093076604877,9e9e9fb2f2a72112.jpeg
325,3.6849634338402515,0c34dad8e0c43ccc.jpeg
326,1.15428427670733,711747e969e8c201.jpeg
327,-1.3656324575258525,dad498595ab4f414.jpeg
328,-2.5474213817330273,ffdef9f17138d8d0.jpeg
329,-2.6735865600675517,394bcfcdcfc9c9cb.jpeg
330,5.374306898992129,200062781c870006.jpeg
331,-2.7857770425694675,d89998b2d8903333.jpeg
332,1.103468057579293,dee77b95907909c0.jpeg
333,-2.45982469433493,22089cd651c0e672.jpeg
334,2.113304679514661,e1e3ce44be1f9fcc.jpeg
335,14.870287595354485,b18119479772428d.jpeg
336,1.5060834308708302,e7e6e7df3c706266.jpeg
337,-2.2881139173312457,0204336268d89e24.jpeg
338,3.9642320877647426,b7f3d69c3932cc30.jpeg
339,-2.120259524407631,999a929230d0d0b4.jpeg
340,-1.431257916520099,3f7574684cb97fd3.jpeg
341,4.376960964248022,27a7a2716be0b0b8.jpeg
342,-3.53726357276865,8e0e8ededf198d09.jpeg
343,-2.680482079647907,e56773139b29459f.jpeg
344,-2.8320549560292116,71e15112383cae55.jpeg
345,-3.1844620870551776,cdad4c5832b2126a.jpeg
346,1.2871310249523926,9968ed6c688928ca.jpeg
347,-2.559786079294571,0303906686b462e6.jpeg
348,1.4442188901681248,1e5988858aa6b694.jpeg
349,-2.575266413464366,efdbeb5296726243.jpeg
350,5.543205080008255,7c6ceeeae1929a9c.jpeg
351,5.18118263177697,c5c64cf4d25291c0.jpeg
352,1.6427210137032453,1d99b0b8f8b879b8.jpeg
353,1.071383182367124,340c0e666e7a7226.jpeg
354,2.0240020687392724,149270991a64a484.jpeg
355,1.1154916302569302,4ccce4e138cd0e0b.jpeg
356,-2.9177382261319518,2fb36b491b1b8b0b.jpeg
357,-2.1874356086854116,63e7c6c86872345c.jpeg
358,-2.0946815911233254,d8d8f8b8405273f3.jpeg
359,0.24274718380252325,e3f9f0e9a3a2b927.jpeg
360,5.720535243182768,3e3a3ab73eb8bc5d.jpeg
361,-2.648197424153401,303c071634eec6c6.jpeg
362,-3.0208312815105938,10c0f89d6bffdc9c.jpeg
363,-2.1671582556116227,0e1e7f7c060a45c6.jpeg
364,-3.019629085934386,3f7d26f4c8c0c6c2.jpeg
365,-2.257480665139935,7ce46978787b33d1.jpeg
366,-0.1500971293705999,c1d78f8883870737.jpeg
367,-2.6335436358326025,482c9f8f972a2606.jpeg
368,0.35423603966684003,66268fab7b0f971f.jpeg
369,3.6676959236061046,9f9fd3e6d20f2433.jpeg
370,-1.6161771344460791,484a4a4205826cd8.jpeg
371,-1.7590389639135693,0a8a946d6eee9eb4.jpeg
372,4.526444671089435,0e1606068d2c0c80.jpeg
373,4.06584619246338,321b21233f9fecf9.jpeg
374,-1.9700016921380095,f0f4c56c1c98519b.jpeg
375,-2.2651855842169195,beb85a4652f0747c.jpeg
376,2.378322105225025,8e9ccd6945492db9.png
377,0.3170575386718237,0c8a10848cdddc7c.jpeg
378,0.4299285064127426,7c3ca7ad69410fff.jpeg
379,-1.3258545821634606,b1990f1bda0d1343.jpeg
380,2.2036926610625267,b2dadb133397060b.jpeg
381,0.49278134832836007,153c34b4d978289c.jpeg
382,7.776502124768767,7969c94b656e3670.jpeg
383,-3.2884791224410446,eebe9ca7465675e0.jpeg
384,2.592394977696135,f0b0b4a6dee6663e.jpeg
385,-2.4103652725267164,a5c4e49c862638b9.jpeg
386,3.327114085129728,1c1b91b4326d71b9.jpeg
387,-2.4232193976388747,3830a3290c022868.jpeg
388,-0.04783172923154016,9d9032732531e8e0.jpeg
389,1.6924469304156196,5e5e5ecec6cc3b3f.jpeg
390,3.4974722971407277,6c3e3a79f9f2f878.jpeg
391,-1.5220694976807343,c10b98883a305199.jpeg
392,-2.1105009827819607,4e0e0c4e423c292e.jpeg
393,-1.1540088754246784,84e5390919731b3c.jpeg
394,-1.7457761349042231,d8dadc7c3e9c81ab.jpeg
395,-0.1634945531068557,fce0c2c693cccccc.jpeg
396,7.241818647051071,87c7c7c7a4e56c6c.jpeg
397,1.2595880748672088,383f6565ef66ce1a.jpeg
398,-2.8515911284607594,b4b477367563a6b6.jpeg
399,1.8689904532496247,f2b2b8b0e0e9e8ec.jpeg
400,-1.9089827475545933,f9f8fcadf6ecde34.jpeg
401,-2.1347772408379684,e8f1f9d8d8f934a6.jpeg
402,1.2060393245939702,3cb573b23e6edf62.jpeg
403,4.93662106575612,23c2ecee6f7c34b6.jpeg
404,-1.8904397170016536,d0603b9ba4a4e7cf.jpeg
405,-0.16846027138065434,c381931504c090e4.jpeg
406,2.7734140449434412,3191dde5a02cc298.jpeg
407,-0.7180337028474723,4089e5e46b478500.jpeg
408,-1.6761010143597903,f0d42074a93138e2.jpeg
409,-0.5595448219282466,ff7b3fdd9f1f3cf0.jpeg
410,-2.745031639929271,cf4fecc3c2e0c040.jpeg
411,0.4492574446686309,2f27c715189898a8.jpeg
412,-1.4355319881802413,ff46645999c91836.jpeg
413,2.0133888773485475,14070706367b8727.jpeg
414,2.4500362614704794,6673f3ce4ef7dddd.jpeg
415,-0.15149014891925783,a6262e3ec1187232.jpeg
416,-2.9119540660298853,999387dcde1b3264.jpeg
417,-2.6816683560876005,a3e2d092906565e3.jpeg
418,-1.9112850219821602,8a2aca552d8b552d.jpeg
419,-2.334682862602227,f8eee4e9c94c46d6.jpeg
420,-0.8313719359445368,959495959571d386.jpeg
421,-3.3074215747656632,e8e272a6c6cec929.jpeg
422,-1.6554730059700282,d4d8f38292d6cd44.jpeg
423,-2.6057048035273,c7e6e1cdad69e9ed.jpeg
424,-2.6614909792516896,81b8f37325b6b554.jpeg
425,-0.5180037505876746,955d9ecc433b9f6f.jpeg
426,-2.3927789421730186,47731ad387878383.jpeg
427,-0.7403007695087465,486c2a898c8a8b8a.jpeg
428,3.5616323796723335,d9c9d89c9c53c68e.jpeg
429,4.288633357979386,d969f9db9a86a446.jpeg
430,-1.3862344068746941,f3f9eca8a2f2f1e9.jpeg
431,0.30180897278206387,964f8f1d9d5f6fa1.jpeg
432,-0.945012797442283,64e3a5f10d000809.jpeg
433,-0.243079734850454,7da193a1390ca8d4.jpeg
434,5.6342053707992665,d0f0c8e8f0d8d4e4.jpeg
435,-1.789014208602398,fefefddce3933ab1.jpeg
436,-2.890812965774896,0006213919193c6c.jpeg
437,-1.7667196895434947,c0c1c3a7965396a6.jpeg
438,4.096114441395884,e3ee62b595420b9b.jpeg
439,-2.0910964780185153,e0e0c3e6d6d6a7dc.jpeg
440,-1.431465367085741,0084c1d3c81dd353.jpeg
441,-1.1812141205827833,6de9f8e0e98d9999.jpeg
442,-1.3428195485738483,c7cfef9ebd7c525b.jpeg
443,-2.1074647382113207,337b30b094dc4464.jpeg
444,-1.9166009911764228,c1e351c0c242a969.jpeg
445,-2.4083841228999976,c3f8fbfbef977749.jpeg
446,5.613532771496189,02003726ce4f0002.jpeg
447,-2.6188087627166694,ae8c2d332145977f.jpeg
448,-3.258149533350645,90186c3af0c02686.jpeg
449,-0.6689880450766246,e0e86ae4b266e599.jpeg
450,-2.690810991649807,3432390eb6881e92.jpeg
451,-0.8168370919270626,4b4bf1f7cecbd647.jpeg
452,-1.7766624636893413,707858d474cc8ca8.jpeg
453,-2.1903803409970553,118ba5717d4c0bd0.jpeg
454,0.582810065442209,48ca644d55d4c6c3.jpeg
455,-1.7109293856977068,6677f3cd3e7ef6fe.jpeg
456,-2.751314343571165,c66c460626525327.jpeg
457,-0.22586710275936944,565ee81a95b5e424.jpeg
458,-1.0843050188780612,222d4ac69d22ecd8.jpeg
459,-2.4579255212036535,eb3b426464a68d9d.jpeg
460,0.21149614054865543,052d230b03020280.jpeg
461,0.9402836125847184,6178783164f2f219.jpeg
462,-0.781053664470765,eccce8b151c35134.jpeg
463,1.182085401765552,061a512528898981.jpeg
464,3.6432255480130085,cef6f6bcccccbc8c.jpeg
465,1.2125181044230462,cfec2dc9c8d05968.jpeg
466,2.114124089033828,00c292b11a11950b.jpeg
467,2.769578028332176,63f3a4ac5874c4e4.jpeg
468,1.5907652269974801,9a18010a30444c35.jpeg
469,-0.7878789732063236,0b2b6fbe6aac80a6.jpeg
470,-1.8133584792229687,1f9f574b6d63240d.jpeg
471,-1.147226013885994,395df9ececcc2346.jpeg
472,-2.72264244376517,c20d11dad656aa33.jpeg
473,2.746099841035387,d5dddd5994dcd8a9.jpeg
474,-1.9615230567876814,bfbf2330644cccae.jpeg
475,-2.478067652097092,66d3191382a2a020.jpeg
476,1.344529968768002,39bd94b3b393e4e0.jpeg
477,-2.273315128731575,c35361252d8fefef.jpeg
478,0.14277864741447321,e246c6e1912f1f8d.jpeg
479,-1.2704129559334565,cccc9c5cdb49e263.jpeg
480,-1.6087206186729692,98d9c71ff2649871.jpeg
481,-0.6858827074555056,d3d2daf284b07838.jpeg
482,2.781790385858674,8d81e2787cd6f354.jpeg
483,-2.613641518720001,81e1d191b0d0dbd3.jpeg
484,-1.3111545911698312,b5fdf4e766d1a0a6.jpeg
485,-3.560188301947663,e1b1e9ed676dcea9.jpeg
486,-1.048496478060672,f1f9bb577423306c.jpeg
487,-2.442393364468762,30f65d09b132aae3.jpeg
488,16.985022431788988,9f06662733333333.jpeg
489,3.8322084766118536,ca4c9d8d1d4c8f2d.jpeg
490,2.720126013956968,30a4f2c0005fcdda.jpeg
491,-2.1070370344195157,6667262cede8ecc1.jpeg
492,3.8977457522104446,9b9b6e1f7aecf9e8.jpeg
493,5.057451791331944,8ce666859cdc4ace.jpeg
494,-1.913827690111907,f4e6e4caca012aeb.jpeg
495,-0.5376538526257555,139b9bebbb591189.jpeg
496,-1.2220655776454483,d95a6cbcdc387c68.jpeg
497,-0.12490828981806588,e0f0fcfefafb7bf8.jpeg
498,-2.783637616299956,212393d6d2926cdc.jpeg
499,-1.2132853309238514,6176f2f96138feff.jpeg
500,-2.089994411638423,9414848d80e1c142.jpeg
501,0.13646708263732182,262e2c1ed22c1a5a.jpeg
502,-1.5485346446106063,4d5513dbd343c313.jpeg
503,0.7218288575375649,8080bc9f97939c1c.jpeg
504,5.167452341610047,185e5aa4d6d88048.jpeg
505,-1.7787811240188753,8b886c4c32789293.jpeg
506,1.1547618137808797,abcac3ff84673e0e.jpeg
507,-0.26088281176013073,9950d09069b58985.jpeg
508,5.02154138472647,0d6969e6e6f1d256.jpeg
509,3.540347402863753,b199bd95998d9d9d.png
510,2.3532886722610153,4511303e7a5b5b52.jpeg
511,3.4605990787332037,cdcce1635959beb2.jpeg
512,0.9154706450978658,e66e3e96ab976363.jpeg
513,3.6174511979885984,a6c6c6be343898c5.jpeg
514,2.66003931384113,c86263d1b0346627.jpeg
515,-2.1849142072356558,ddd5c1d1914389bc.jpeg
516,-1.1699339366747288,f4f4f0f967f8193c.jpeg
517,-2.776973232921062,9858d878b8bd7c30.jpeg
518,-0.11813219901591243,a0e4671e2f6e39f9.jpeg
519,-2.4514539631610015,e8f4d3b4d074103c.jpeg
520,0.29329375589080064,fcf89f0d3c58aaab.jpeg
521,0.5264321956450589,136ba3838680d0c0.jpeg
522,-2.7232863619165646,3470c006da9cb645.jpeg
523,5.0753477918043535,9393a6c4c3d0e032.jpeg
524,-2.1165215882865063,18d0c14ccdf39881.jpeg
525,-2.907546985600656,e405c6e029b0e792.jpeg
526,-0.5786780123707452,4146c73716b5b534.jpeg
527,-1.8331504494407964,84931016a5e35279.jpeg
528,-2.8434530656125805,109404061c69f6ea.jpeg
529,1.8943240727040636,d69009b1c1c4d8c0.jpeg
530,-2.2047006220882532,6048854c2a4c4c36.jpeg
531,2.793370118645223,8024cc948ca2a594.jpeg
532,-0.2088854861520979,cc7c789291a2b252.jpeg
533,-0.16861985510941757,4063436371a5a74b.jpeg
534,-3.209013553766898,d50705645832b591.jpeg
535,-0.056539356026483474,e028385533361f66.jpeg
536,0.23925570588289116,87c2e8e481d0f2a7.jpeg
537,0.011182618782466543,fe8a24244d039ff8.jpeg
538,-2.6155399079983885,ee76631898b41d49.jpeg
539,-1.863563213193509,090132f0d836324f.jpeg
540,-1.5465204791374627,c4fa7ceef266660f.jpeg
541,-1.7997527801162632,091c168ecb36690c.jpeg
542,1.8531462463086756,6d785ee7e2f8f8f2.jpeg
543,-0.8845398328710696,fef2f2e6cb99ac9b.jpeg
544,-0.49785728226705833,80fb7f4f15264784.jpeg
545,-2.1330549916346664,523292c5a998e0fd.jpeg
546,-2.1978231909454604,3230202633db714e.jpeg
547,4.697975063642831,cbe647cd4c31e284.jpeg
548,2.928670765628026,0787e6ac8c99699e.jpeg
549,-2.364261056000551,4d2a76444cd8d565.jpeg
550,-1.492615082667964,b070744b9998e8e1.jpeg
551,1.2350149170146842,32327350920144d4.jpeg
552,-1.9776308909681235,df7f3f7f253b346c.jpeg
553,-1.4458978827084947,c6c64a4e2e161611.jpeg
554,-1.5173557634910537,6a64e6e4f472b435.jpeg
555,-2.03341973271915,7262e2e1f0f9acb2.jpeg
556,2.0061144906927555,0000ccc848368900.jpeg
557,-0.2784578257884571,f0ccebc1c1cbcecc.jpeg
558,-1.0361002331569922,3ed2f3f3349a1616.jpeg
559,-3.2628303105056204,e5c988cbdad8d0b3.jpeg
560,0.43001062056720235,656769a99cb3a5ac.jpeg
561,-1.3671425059602762,d859b6d2c149a2a9.jpeg
562,-2.4350010979731906,c85b92908798d0f9.jpeg
563,-2.894221887184561,d0e0f0d2596c3797.jpeg
564,2.374054657436249,044d59694f1a3b0a.jpeg
565,3.6986774973879735,c6e4624639ad6e74.jpeg
566,-2.1485682884405515,ac9ebedfd7beda26.jpeg
567,0.12364182289074242,2622f0d0dac89e9e.jpeg
568,-1.0566820867747484,e3e767e6a4a66843.jpeg
569,-2.4593020316601715,188e9a9f5f5f5e36.jpeg
570,-2.870345250379798,41e737465b73b3f3.jpeg
571,-2.7116913947973504,e0c8d8c9c6d26526.jpeg
572,-2.7917842850158934,0c0842d0c8d199b9.jpeg
573,-0.4470147512496557,af2baa72b2b85ada.jpeg
574,-1.4509381506266688,c5e8b0304492ded4.jpeg
575,1.4480325972391879,cdcd850903c43680.jpeg
576,-0.00429186857905434,d61416a2386af078.jpeg
577,-1.8777553039085941,2409097c5693a719.jpeg
578,2.3756049613716175,20c4809212222aca.jpeg
579,0.11056447563917506,64271bd8d8707171.jpeg
580,-0.3351885547239423,e4f0c80d8184d6a0.jpeg
581,-1.0424664527146559,6565d2fad04c4ec2.jpeg
582,14.810636960494982,eee0e1b3929b9adc.jpeg
583,-2.0752317836559224,f3eab293a7e90846.jpeg
584,-0.816456744975736,85ca4ae4c4e3c3c1.jpeg
585,-1.9136753610343202,3cac089e654b66b3.jpeg
586,-2.117410829129157,3b1949795d61753d.jpeg
587,5.439694247059529,43c7933162e2ad96.jpeg
588,-1.4995905436499926,0e0e0e5627abdb81.jpeg
589,6.204958554459317,3b9919a9cccecb1c.jpeg
590,-1.195183630787642,0ece4a529a123622.jpeg
591,0.9576888994599155,4ece535a3a76c498.jpeg
592,1.7897344967292788,dbcfd51531b4a663.jpeg
593,5.544875726695231,dc88c1e0c0587c70.jpeg
594,-3.178648498011888,a4a4a4b232b62c10.jpeg
595,0.37365520565439264,c684525666868a92.jpeg
596,-2.1736652041327114,797ed0c0e2d746d8.jpeg
597,-3.060562079402895,fcf8fecefcb466b6.jpeg
598,-1.866097272078811,781bd3f6dba9846c.jpeg
599,1.0228901055386694,c4d0c8e524a6b4d8.jpeg
600,-1.2773583773957216,767513bb63b546c7.jpeg
601,-1.627567102409194,b97c3c3a6e2e32d2.jpeg
602,0.4621216206418019,e2c6861206b898e2.jpeg
603,-1.8181572198428426,b8ecccc8d0e79705.jpeg
604,-3.008585489157011,9a1c3c9ec4838689.jpeg
605,-0.3190110230233734,9a8cac682c78f86c.jpeg
606,5.476142052350274,b3939b9b83828590.jpeg
607,-0.8141167490818203,2122501130286060.jpeg
608,3.4784790707006095,8191a3cecce96828.jpeg
609,-2.6753468643177736,c141c0e020256562.jpeg
610,-3.62369390783859,333223191935c858.jpeg
611,-2.270719752663905,d3ae989296838b9e.jpeg
612,1.7878092796587126,6656d6d6585bd7b1.jpeg
613,-1.453990155856144,dbb3bf1f171f0e46.jpeg
614,0.694628956524128,3434799af2e20280.jpeg
615,-2.177211659446293,233377d5c9494910.jpeg
616,6.615566063892709,44004d4893990091.jpeg
617,16.177759797419025,195b92ca2a270626.jpeg
618,3.699241091262174,e6e46461eced652d.jpeg
619,-2.584413717630605,5d57170bac345ed5.jpeg
620,3.5923501432572413,e0c0e060908d0799.jpeg
621,-2.0705706721169523,95d5f5c9a6330b4b.jpeg
622,-2.276074545826835,e0324a66665c2a2c.jpeg
623,-1.6919526851187114,c888b18565091ad9.jpeg
624,-0.6283852597958547,72322a6e25645213.jpeg
625,-0.032271763737243726,05c4c4f44a4cfeb6.jpeg
626,-1.8697377112392557,7278384c6c655517.jpeg
627,-0.8465330687357681,d5e5e67612b2fa69.jpeg
628,-2.4525211009076266,d0c2480141200804.jpeg
629,-1.7476561150539438,d6d0ec64b4a7e34b.jpeg
630,-2.2626183455889244,f37164a4d456dbf8.jpeg
631,2.609817068835396,4bc09b1d64311107.jpeg
632,-0.5499858467962704,09899d9a3267c823.jpeg
633,-2.0686005344348013,7263e72689005359.png
634,-2.7415409542271227,b036a393272f5d03.jpeg
635,-2.140944427567447,79e9cc9c86849c92.jpeg
636,3.1242416515727482,26062333369699d8.jpeg
637,4.085334994260171,90706aece58909c8.jpeg
638,1.2835168109213677,25711a6c6d249a32.jpeg
639,-2.6367243949922257,4dc919332bd1c3d8.jpeg
640,-3.0733117027125174,3692ce4658399a37.jpeg
641,-0.23762495474720974,19970f5be715dd9d.jpeg
642,-2.2745013881927476,d26e2d51681909c0.jpeg
643,-2.0597831672114797,0719252465c9f4ee.jpeg
644,-1.8350108652787425,c565636d6dad6be5.jpeg
645,1.5700297894572894,70280b1376cf9c70.jpeg
646,1.3273617143954433,b38293a7a7c01153.jpeg
647,-2.304680829325792,f6cfc9394cbab2a2.jpeg
648,0.9490064952673601,9d8519a3a38494c9.jpeg
649,-1.5096118563323238,f0e0ecd979b0954d.jpeg
650,-2.427737709578852,20a686aca4cd9d96.jpeg
651,-0.8858421778553482,1d0b20c05212496e.jpeg
652,15.126484683516138,656d0d5575f3e274.jpeg
653,-1.9886650589882313,301395c1c9cbdc56.jpeg
654,1.4971304027838257,2f4fdbf366e6cb0b.jpeg
655,0.49773934443040707,070f0c0d5d142f00.jpeg
656,0.01852910588961824,636571575d155553.jpeg
657,-2.167530042221447,f4f97bae7676d6f6.jpeg
658,0.08958923299585261,6279f9e5e16b4945.jpeg
659,-2.804602239224431,c4c6c6d6863511a6.jpeg
660,1.7675442300586905,38a496340c618e7c.jpeg
661,-3.149981375038822,1d5e6f6e744e5adb.jpeg
662,5.515048091110128,a75558d8ac9c9c98.jpeg
663,-0.6830339225425665,686664bc919190f0.jpeg
664,2.124530463358066,f67e3e9a9afefcd8.jpeg
665,2.640136024940244,32326ac581e5c153.jpeg
666,-0.3609658861873313,c0e0ac0e94a8b2d0.jpeg
667,-2.00894562469354,ecce967b707e77ee.jpeg
668,-2.846876534385682,d026aedcfd69c6a3.jpeg
669,1.18544545433124,32334efef09c8a90.jpeg
670,4.53909620804488,20209294362d910c.jpeg
671,-2.6459546788563437,3030321292b391ad.jpeg
672,1.1010701495308897,62fa3434f170e8da.jpeg
673,-3.1100939725576335,1130316048686460.jpeg
674,3.3370820575578093,9c38390b19070e86.jpeg
675,-2.2774200439673975,5de72ba98f62f3a3.jpeg
676,-3.3607651646171495,ac8c94bcb4f0f22b.jpeg
677,-2.0219813146632246,732d2a7bd9b8fcb5.jpeg
678,-2.1593503522023565,e6a7679ba4ccb185.jpeg
679,-2.1259394344783065,666eace66e29381d.jpeg
680,-0.8537575938981016,8383b3d318c3dc5c.jpeg
681,1.7881650528463697,dada3c32a28666a6.jpeg
682,4.338211460983682,caea2a9bca78748f.jpeg
683,-1.6492975009858417,e488f0e0f0595592.jpeg
684,-0.04807291850704138,8880a0683a2cf3cd.jpeg
685,0.8776475547873598,b3724a1b1b1b1e2e.png
686,2.1080592228543766,1c74d180e6f0983c.jpeg
687,-2.2490236343832315,6872f9f9a61e5074.jpeg
688,0.9587015587087087,534b4b531313637a.jpeg
689,-0.6742653144386015,34b4143c180606e0.jpeg
690,4.709586326941892,e448dc96c8373732.jpeg
691,-1.7607206319024622,b5e7d2f5e6968d11.png
692,-1.593539378183042,e3e3f2b1a2e24106.jpeg
693,-3.0160126244804135,00917f3e3e672e12.png
694,-2.997848724410191,a02434302094a2a2.jpeg
695,2.6659115288589335,bff9ece6fa371f5e.jpeg
696,0.14082417003965866,91350f4f53190f07.jpeg
697,-0.30153050261294595,34611b8bc3abc9e5.jpeg
698,3.6115830539136327,0c0c185441515818.jpeg
699,-2.1251043439734545,c8d952d6c353d398.jpeg
700,5.549256484943676,110323f2f6de0b32.jpeg
701,-2.6011149010277888,7262646126722230.jpeg
702,-1.1656806951854213,1b5cdb9c35f02019.jpeg
703,-2.3874619818831784,616175f1f939a596.jpeg
704,0.09378710922477045,0e6361ee6b28eccc.jpeg
705,-0.0805780550968313,2427c9d4b7c6988c.jpeg
706,-1.788610157298215,1e3cd0d83a55cdb2.jpeg
707,-2.692841916760132,5816145634a0aa8b.jpeg
708,-0.9335657766727298,09e183d37b6f4d4e.jpeg
709,0.02523254700831146,86aa9c7cbecf0dbf.jpeg
710,-0.23564911515120635,7979797a7a5e5ed6.jpeg
711,-1.0987933532342633,a9af0b994163179a.jpeg
712,-1.3013089059032528,70605edcf4c3a1cf.jpeg
713,-2.5343676621132243,e4e1e3c2c5802121.jpeg
714,4.857169136271456,d9f4924319000884.jpeg
715,4.628486453967302,2b317173d7e5e5e7.jpeg
716,0.8692538906257947,120919c84e987018.jpeg
717,-1.6857835392652147,f2d49475acf3c5dc.jpeg
718,-2.8582893302265773,693978f0e0c9cdec.jpeg
719,1.8297080730742634,8acb699686d7f080.jpeg
720,16.016699004067178,c1c3a626b67767c7.jpeg
721,5.3265538192740935,3e36368c91964c44.jpeg
722,-2.9767642968567833,97a1a9c382e43f3e.jpeg
723,-1.4601079178220675,7cf0d3eb3ed6f4ec.jpeg
724,0.08024369641552259,1b7475cd406b3bbb.jpeg
725,-1.6485057114719437,707474e5cd4acdc9.jpeg
726,-1.9071779405319955,f48c81d0b0e1c7c3.jpeg
727,-1.566611274324368,595b53dbc2e4ad67.jpeg
728,-1.7010971540141844,f862365d2c343e32.jpeg
729,4.326899710242871,9686c3cda9f871b9.jpeg
730,-2.1627817217282885,087666ea903d7856.jpeg
731,4.372386632970789,a686c2e0eca829c2.jpeg
732,-2.2235624575928448,0ff217444e2c7a8a.jpeg
733,0.7504720722874492,39b226323af3f1c0.jpeg
734,-0.63002650406301,f4aca993c6ceba1a.jpeg
735,1.8750415958207114,263230143a312133.jpeg
736,1.040027945134606,a8acc6d3db1f7e4e.jpeg
737,-3.2977588622907326,243052736078adec.jpeg
738,3.367818745158571,371f7f5e3e3e9796.jpeg
739,-3.1067375482428936,54dc6ea4b7939bbb.jpeg
740,0.005970029636060134,c645c3e2b69fc0f0.jpeg
741,-1.2175991168526956,f1f3d9e8fe4fe7ad.jpeg
742,-1.7603782198720317,81838c0c99190ec7.jpeg
743,5.136156815819573,726243928383b2d2.jpeg
744,-1.256288410219919,c3c3e7c323318020.jpeg
745,2.253336398000158,c8c8c88db2d0f0b0.jpeg
746,-1.4681675663802107,8328f8d8ccd0fc8e.jpeg
747,4.628130406838528,7079f1b4b4a464c8.jpeg
748,-2.0809200427722017,d3478ebc82ce3609.jpeg
749,0.2510735616293231,0e16b469c127ced8.jpeg
750,-2.664565889290178,4c6e662f26a627a6.jpeg
751,-1.807946321433188,79b1f1e3e43e6ccd.jpeg
752,-2.483168314648725,4c0c0b19cd1b92c6.jpeg
753,-0.9253156052975672,37d9c0041f7f69c3.jpeg
754,0.6819350416761198,e07e929848c14367.jpeg
755,0.35331639549934385,c4c13c06f271c990.jpeg
756,6.1501745289840954,d0d4daf330d81450.jpeg
757,5.906844664342477,9f9bb191d999ccdc.jpeg
758,-1.9202785706862286,f976574b1c99db99.jpeg
759,-0.1859756205788578,70d0e49591c5c030.jpeg
760,-0.79090766882814,121f1e1513131265.jpeg
761,-0.1493200373896338,302c2e29d89b89e9.jpeg
762,-2.3471663582537214,3ff7d797073363b7.jpeg
763,2.059093153043582,94ea6c64646464de.jpeg
764,-2.696082406466059,1cf421d112d6ccda.jpeg
765,-1.390883277952954,82e168e961da0f0c.jpeg
766,-1.85145261503042,f8e4949a94c58d2c.jpeg
767,-2.759776009132102,4192266554cfa5e5.jpeg
768,-2.235207337701859,a08191814df1346c.jpeg
769,1.8534776627550267,40c089ece0616070.jpeg
770,0.501025089630577,938fcec35141d194.jpeg
771,0.48076017423421347,b554515d55547c6b.jpeg
772,5.050814900663458,9539796523a32722.jpeg
773,-2.0901406305965553,86060e1313525b10.jpeg
774,-1.970477923945997,3e1ebb964d2d3434.jpeg
775,-2.612618981478407,9a4cc1f336cdc81a.jpeg
776,-1.922253671317984,c4c9d0c1f84ee667.jpeg
777,-0.45442132247187966,4464252429192357.jpeg
778,-2.439362761883885,2de9686931c2eac0.jpeg
779,5.5720449876189795,e6e6fe7c3d302020.jpeg
780,-0.12070459063078462,604478b9bbfbfbfe.jpeg
781,-1.1320381036581915,04c8f1704e5ad3f4.jpeg
782,4.664748043286044,03038b8bbc71c3bb.jpeg
783,-3.4878726009114764,b292523253992925.jpeg
784,-2.0811991043414766,e8c386b6c6f4b2b1.jpeg
785,-0.5169535840198809,fc90848c8cc6f8c5.jpeg
786,-0.45431266220264954,e0d0797e5e16a6ae.jpeg
787,-2.458526094152286,fc7d7f77e9d3cf6f.jpeg
788,-2.2576791987853917,fdfff73525a4002b.jpeg
789,-2.695422550169865,a549596461ebd4fc.jpeg
790,3.9773333682389707,949d8d8d9d89cade.jpeg
791,4.5194364293285805,cec7e44cecb574e4.jpeg
792,-2.3786700496065776,485cb79f9fe88aa6.jpeg
793,-2.4777480095708,375f7c1e33d5cc68.jpeg
794,-0.30831608168039376,ec9c0d4c18bc78cc.jpeg
795,-2.664525083042067,1399e8eae27b6458.jpeg
796,-0.6030062897220296,3d3d1f6b2f3c6c2c.jpeg
797,3.9286388099691045,340407178b880400.jpeg
798,-0.49892881416413953,ed62eac58f8f3d3e.jpeg
799,-1.6545002716155983,e6e2d2da98889864.jpeg
800,-0.2032422308551787,d373cfff7f6f6f2d.jpeg
801,-0.5271648500109131,e1c4dc5868581018.jpeg
802,2.235403342793126,d9d9f3f2ccf1909d.jpeg
803,3.3344593458114193,70a0e4dc9d94d8d8.jpeg
804,-1.411280441702862,b0f0b8b071f5c1f1.jpeg
805,0.15809273054375694,bab3af8a82f293d3.jpeg
806,2.5180800239658048,6c688c4d60d14b29.jpeg
807,-1.6713707637080224,e4c6607931697676.jpeg
808,-1.8397871687130016,bf65c51989c69959.jpeg
809,5.191273280420483,8e8e96969ca4a9b9.jpeg
810,-1.362953041887743,09d8d89d0b5d6b2c.jpeg
811,4.221532427376813,fcf6beb4363832b8.jpeg
812,-2.1912923291186677,5919392be9895343.jpeg
813,-0.2909496338143419,7527a2a63c30da8e.jpeg
814,4.51809089064907,392d24cc4cec84a5.jpeg
815,5.293676676372305,5b23a2d74fadcec7.png
816,-1.0488321161784138,e36567e571b38a80.jpeg
817,0.44987452218700036,1f1f9e7dbffee2a0.jpeg
818,-1.796817749346856,ea74b7795931b9e5.png
819,0.45252064408281373,13137376366e3713.jpeg
820,-1.8131333377744758,f878f87ab9e9b82e.jpeg
821,-1.9940162719453958,030f0a1ae4b32363.jpeg
822,-1.9537791086609495,a9afbbb167cf45f0.jpeg
823,-1.9830814981867095,ecccc2cb491f7a78.jpeg
824,6.788995637314026,c8e092111969a9e9.jpeg
825,2.3174547341193006,c098b1704c7db9bb.jpeg
826,2.4899946983000336,9f8f86a7b312c4e5.jpeg
827,2.8059599930049277,c6cec8e474362723.png
828,-0.007212246497443223,c2080a4ae3221819.jpeg
829,-1.7184493633069362,b90fbab2224b4160.jpeg
830,6.542651986698632,6270707169a13935.jpeg
831,-0.229679449654189,e62ebab5378381e0.jpeg
832,-0.0051135328394043035,0048a799b1b1999d.jpeg
833,5.44496320562043,76ccc8c89cb6f633.jpeg
834,-1.3617032633628419,864e4623d8bae992.jpeg
835,15.623500144817644,8e6ad2bbbbb19199.jpeg
836,0.9210097189479678,e3f391b929884161.jpeg
837,-1.7458637656948781,64cbf336b71b3818.jpeg
838,-3.1800070304487544,b7c5d96869cbdadb.jpeg
839,-0.5888124387767076,d0d0d80c00846279.jpeg
840,-2.5557204420721247,cb5ad4c7f3e6d658.jpeg
841,-0.5672966615863244,0e3c183cb3888d3e.jpeg
842,-2.3537590716116195,2dd5eab732b293b8.jpeg
843,-2.1239273305966275,f1c4e1735724b0cc.jpeg
844,5.1892437512812455,5071e1e8822e7051.jpeg
845,-2.067169514459669,e2e0f67e932263cb.jpeg
846,3.343253308953755,da3b293036f6796c.jpeg
847,-2.8355381179847874,8445b4b4ad60c080.jpeg
848,1.0176723265916143,d1f971ea9a7eeccc.jpeg
849,0.735379961898472,4953c76c65650f1b.png
850,2.9804791032554965,989c9a737bd7dbb3.jpeg
851,-1.3438056243583396,909a232c8d1a18e2.jpeg
852,0.5236330184193217,5833339b26761ada.jpeg
853,-3.2162125851154317,93a6c84e29baf060.jpeg
854,-1.7653579792544476,f0f2e0606012f2f8.jpeg
855,0.23369462129202784,cf8f8fcfcfe7a76f.jpeg
856,-3.1898807837928542,7071616438c94f4c.jpeg
857,-3.0327547763834186,9ea0818dc88838aa.jpeg
858,-2.4287046717263006,c04141c0c5013174.jpeg
859,0.06819821143802,8e16ec0e06220acc.jpeg
860,-1.4419242930409097,0682f2b6df97bb19.jpeg
861,-1.7785240415141281,d464fcf27cee7212.jpeg
862,-0.7264670670612502,71d6948c98999696.jpeg
863,-2.106166198691019,164748c42f2b1bfc.jpeg
864,-0.9795464242433451,3e3e3cfc39397915.jpeg
865,15.421579856744671,9943534242484a4a.png
866,-2.3879170104695517,e1e96978a699f924.jpeg
867,2.8175377507436927,2b2635b7a6fcfafb.jpeg
868,-1.825086480841674,f8b0bcd85bccc7b2.jpeg
869,-2.237774003032392,342015476e7f7e7f.jpeg
870,-1.497067474781816,66e6e6218dc9e0b9.png
871,2.3310269463685707,cce863e360d89062.jpeg
872,-0.8512971147957031,1cdcbceee296a6b4.jpeg
873,-2.8233221333286114,b9189c7c584252ec.jpeg
874,-2.492248372894081,80e0b0fcff37dfa6.jpeg
875,0.6055633759365502,9bdb1e1e388bc79c.jpeg
876,-3.342661615082702,313339f939a6a343.jpeg
877,-1.9713129510309992,72e2e2a0e1c32159.jpeg
878,-1.6192337837372015,8c4c6dedcca32a6c.jpeg
879,5.6000897412509625,1e96a6f3b83cf0f0.jpeg
880,3.4307246115977303,e061d8902c299300.jpeg
881,-3.6589038046797357,7bcbe260f836b699.jpeg
882,3.5424452090485485,647cef7ee6eee6f3.jpeg
883,5.249643640266555,c26a33a2aace746c.jpeg
884,2.256299303672491,9c96a268cc803676.png
885,5.673208009376308,018dccce3cdcf6b2.jpeg
886,3.8229268768432383,7c5ecccce9629667.jpeg
887,-2.5232251429979056,1737171d35883a32.jpeg
888,-0.9886488469567575,81c43131850a6619.jpeg
889,-0.5962475066896274,9a51313574c545cb.jpeg
890,-2.5950057417385297,782c61c57072ab89.jpeg
891,3.459937552758679,ed76f2b186663438.jpeg
892,5.201115227416412,898e86c6ced89c34.jpeg
893,1.0944590929460603,a79a889dcec2a62e.jpeg
894,-1.1106085748468089,089bcccccccdcc0d.jpeg
895,2.0656130615631256,e7c7f3f3da30b2c3.jpeg
896,-1.3830771290482644,e98b2a3b0d1fb999.jpeg
897,-2.1480812838053605,a3a7e26a9833d3e3.jpeg
898,0.08420407670649903,28130d276def6e7d.jpeg
899,0.09184177049041811,9a3898181c7fba2a.jpeg
900,-2.1746259581576273,94a08c2ba38d1594.jpeg
901,-3.432191850349474,c8c9d19391c8e8d2.jpeg
902,2.506935137862602,9435ff9b1d54161b.jpeg
903,-3.0351850203058013,0c009298d1d3f2da.jpeg
904,3.2022158121288964,d9bcdab19dc3717b.jpeg
905,-2.561489090874921,242d2c2c9da5e4e4.jpeg
906,5.230317981602742,18191b7060044770.jpeg
907,1.744359682495155,e9e199d9d0bcfcfc.jpeg
908,-0.04110754737731996,f7e960e557e77f74.jpeg
909,-0.262725074852368,a9617aaef886b4c1.jpeg
910,3.05545852510509,8c9ff9f060f0f00c.jpeg
911,0.2996009103210258,4cb1b1287353131b.jpeg
912,0.17966495790749462,848a838282b28e62.jpeg
913,-2.4951291405718448,f57d1ca6b2a74918.jpeg
914,0.32240204731320954,d9d3d3768e8edb71.jpeg
915,4.02549754364469,032353c6e6ea6a9e.jpeg
916,2.9035197860791917,3634246670389c98.jpeg
917,-0.7842686969054996,ad1f79c16799271a.jpeg
918,-1.7549166615242868,c5e4e4e2e6e6f0c8.jpeg
919,-0.7883625169792118,82961b229696c0fe.jpeg
920,-1.766431350596843,9ae16108cdc58323.jpeg
921,-2.096707781223202,208080c0da406a23.jpeg
922,-2.3352852792190344,4f0e708ef4e28ef0.jpeg
923,-2.1337731432492593,cd734649ca36bbdb.jpeg
924,-2.08714963999444,3469b3d8d9d99b6b.jpeg
925,-1.9493821752511649,1715171f3dcab42b.jpeg
926,-0.613974291716561,6b791d2b6a72626a.jpeg
927,-2.48487609207558,e0c8c94262606a76.jpeg
928,-2.780881689040706,dedc5accf0dccffb.jpeg
929,-0.616911711073458,d3cbcbc6c6c6c787.jpeg
930,2.7314319151726347,b292b8e8c8e8d858.jpeg
931,-2.322469685022256,313b4fe8e06b9c60.jpeg
932,-0.28383255151448256,05c54565ddd4b437.jpeg
933,3.66927542012372,979f8aa6ca8a91c2.jpeg
934,-0.1459613550962214,9f8f95b136672383.jpeg
935,-1.4519491214580522,101445020a2e6464.jpeg
936,-3.357355257795522,131322a9c9e99000.jpeg
937,-0.7708022416489949,787929b96658d8da.jpeg
938,-3.1634756981648136,c8c8c8598982d552.jpeg
939,1.2240919096031817,79f9e9e1e4741c60.jpeg
940,2.560069063070962,88dcccf9eb4ecc83.jpeg
941,-2.4394378393184466,80c4c1c76ccc18d9.jpeg
942,-0.06162001209196381,cc988ce6cdcd9cb4.jpeg
943,1.4592973820492507,c0d049cb68a32000.jpeg
944,0.8246521649003232,c787c3c5c7838183.jpeg
945,2.7889483332805676,03879c302675f74f.jpeg
946,-2.390628338863032,d4ec1583b8b07159.jpeg
947,2.7963340206175924,8fc200d9dd1c6c32.jpeg
948,-0.9654323975752562,14e4a4f9f1e7d3fb.jpeg
949,-1.6688434201802116,e06167fc3c9cecec.jpeg
950,-2.5380710443459473,fbff65679bdef6fe.jpeg
951,-0.07736221519060464,e63c9884180c1d0d.jpeg
952,-2.740537540751112,854448257ccdc303.jpeg
953,-1.3042529052598444,72733261b09399d1.png
954,1.0717220379448855,6868263d353d6963.jpeg
955,-0.996327549293212,f3f2d4cadbddded3.jpeg
956,-1.004494722524612,c6846171933020fc.jpeg
957,1.3980159342875933,747071e0f0a928e1.jpeg
958,-1.4302385625508012,615f5660e22e4f26.jpeg
959,-1.0717412638331667,adcecc011144b939.jpeg
960,-2.8379166397195132,98787cec62269686.jpeg
961,3.9685512227324544,38b8b0e0e50384e3.jpeg
962,-1.9903029924721247,82870f03b3da9b8e.jpeg
963,-0.9721712410000004,d08ab4b0939a8a2a.jpeg
964,4.908446230561076,297371c56beb6b4e.jpeg
965,-1.6662940069181582,b29a3e36569163ca.jpeg
966,-0.7091126047760936,48b19393b3725333.jpeg
967,-2.1493854931527903,c3e7677ed6b38dad.jpeg
968,-1.6787675169590885,b2b3b3a3acececec.jpeg
969,1.8832837758900656,7a7b2e7ef08188e4.jpeg
970,-1.3505151665000241,eee8e1e0eacffdb4.jpeg
971,2.257313417580642,beaeb3998fcff1fc.jpeg
972,-0.6499721455788015,8d8d2d134cd6d1c3.jpeg
973,-3.0687047687187103,3b36c73371715f7f.jpeg
974,4.79761494093363,c1c189a8d8d8b07a.jpeg
975,-2.4827467528641076,6dba8a16c6a606b6.jpeg
976,-1.9091013944100872,00080424a6a32322.jpeg
977,-0.7398543353016621,3d9dddcfcf573257.jpeg
978,-2.0002707581562715,00c0a19794626001.jpeg
979,-2.133925430867828,32383cbdf5065646.jpeg
980,-1.8966814789741795,81c2c888c0f0700f.jpeg
981,3.245351758558905,694c760ea727868a.jpeg
982,3.957825230455165,c0f4f8fc7c6dcf9a.jpeg
983,-0.025761880062787734,b63705a4a7d3e5cb.jpeg
984,-0.5113512474627862,ebcb4b43d4d473da.jpeg
985,15.718590174107776,94d6b64a8c940b20.jpeg
986,-1.7378493060712314,9a4c4c646435b61a.jpeg
987,-2.0898471126908063,68703676d68e2d6f.jpeg
988,-1.202260164937888,f0e8cc8cb1e9fcdb.jpeg
989,3.62110648920778,68405eacb44272c2.jpeg
990,14.621644376850943,68e0f0c8c8020105.jpeg
991,-1.8824933851639727,6363635ad4be6d4c.jpeg
992,-1.7116055198632796,9ec8013d4466c3c1.jpeg
993,0.07479354844847147,f131300514262220.jpeg
994,0.08824026920163462,292199a931193945.jpeg
995,-3.8559861228188415,a9a3a3cbddcd9d99.jpeg
996,-1.8078665587293865,f0f2debfeeb47ee4.jpeg
997,-2.412432473590183,0400c84ccc4c48b2.jpeg
998,-1.7238844478463584,607c3cf435e898bc.jpeg
999,-1.059302417388804,e6e8889fc36413b3.jpeg
